{
  "M 1.0 - 8km NE of Aguanga, CA": [
    -116.73250413886052,
    33.4866144763336
  ],
  "M 1.2 - 11km NNE of North Nenana, Alaska": [
    -148.86217324781265,
    64.66392231377048
  ],
  "M 4.3 - 69km NNW of Ayna, Peru": [
    -74.19002515541371,
    -12.088142953658306
  ],
  "M 3.6 - 126km SSE of Cold Bay, Alaska": [
    -161.57366999715967,
    54.2206844498039
  ],
  "M 2.1 - 21km NNW of Tehachapi, CA": [
    -118.46841783581526,
    35.31092771593751
  ],
  "M 4.0 - 57km SSW of Kaktovik, Alaska": [
    -143.98812817144707,
    69.5293863856408
  ],
  "M 1.1 - 8km SW of Anza, CA": [
    -116.68169412735975,
    33.515088834622894
  ],
  "M 2.3 - 65km ESE of Old Iliamna, Alaska": [
    -153.67119104440147,
    59.608111498285105
  ],
  "M 4.9 - Southwest Indian Ridge": [
    59.415492870472214,
    -30.72650382811468
  ],
  "M 1.8 - 52km ENE of Beatty, Nevada": [
    -116.14142248186103,
    37.05873336089087
  ],
  "M 3.3 - 30km SSW of Fillmore, Utah": [
    -112.43125341232567,
    38.739684742179364
  ],
  "M 1.3 - 32km W of Ester, Alaska": [
    -148.5813178669829,
    64.84797268279469
  ],
  "M 4.5 - 177km ENE of Petropavlovsk-Kamchatskiy, Russia": [
    161.18440243718936,
    53.57585908013028
  ],
  "M 3.1 - 14km W of Old Faithful Geyser, Wyoming": [
    -110.94516450590869,
    44.468250200159915
  ],
  "M 2.2 - 94km SSE of Old Iliamna, Alaska": [
    -154.3330979977595,
    58.93524656523326
  ],
  "M 1.3 - 15km SSW of Big Lake, Alaska": [
    -149.96841061583234,
    61.39356502024056
  ],
  "M 1.6 - 5km S of Big Lake, Alaska": [
    -149.85339491794812,
    61.47392165418798
  ],
  "M 1.3 - 14km NE of Yucaipa, CA": [
    -116.86025844715012,
    34.111970157897794
  ],
  "M 2.1 - 47km SSW of Tok, Alaska": [
    -143.37059432146538,
    62.96962421123349
  ],
  "M 2.0 - 13km NW of Anchorage, Alaska": [
    -149.97371463739205,
    61.29027294733803
  ],
  "M 1.8 - 4km S of Volcano, Hawaii": [
    -155.16339489550214,
    19.388758791874483
  ],
  "M 3.1 - 3km SSE of Belden, CA": [
    -121.17053313890372,
    39.979531745311526
  ],
  "M 1.4 - 27km NE of Cantwell, Alaska": [
    -148.4889668449516,
    63.58669955788811
  ],
  "M 2.3 - 1km NNW of Indios, Puerto Rico": [
    -66.78853134346662,
    18.010159514859403
  ],
  "M 1.4 - 28km SSE of Redoubt Volcano, Alaska": [
    -152.50614425430828,
    60.23188026311486
  ],
  "M 3.1 - 66km NNE of Punta Cana, Dominican Republic": [
    -68.01764597390434,
    19.08109166392285
  ],
  "M 2.9 - 21km WNW of Kalifornsky, Alaska": [
    -151.5208748187939,
    60.508061475977755
  ],
  "M 2.3 - 31km WNW of Willow, Alaska": [
    -150.4765320843598,
    61.8340063615662
  ],
  "M 1.5 - 13km SSW of Big Lake, Alaska": [
    -149.9725467235029,
    61.412858899457596
  ],
  "M 1.9 - 26km NNW of Tehachapi, CA": [
    -118.4934835948053,
    35.34834328632657
  ],
  "M 1.1 - 5km WSW of Palm Springs, CA": [
    -116.52219241454429,
    33.80747507896512
  ],
  "M 1.2 - 18km N of Borrego Springs, CA": [
    -116.29948563845561,
    33.41574883695563
  ],
  "M 1.4 - 13km N of Meadow Lakes, Alaska": [
    -149.4521448260228,
    61.742091645626644
  ],
  "M 1.3 - 19km N of Fishhook, Alaska": [
    -149.10388075668286,
    61.92040521347377
  ],
  "M 1.7 - 5km S of Brawley, CA": [
    -115.47909127391542,
    32.93297684800065
  ],
  "M 1.3 - 6km NW of The Geysers, CA": [
    -122.74138738770934,
    38.81536794932407
  ],
  "M 1.4 - 26km WNW of Valdez, Alaska": [
    -146.70299437006364,
    61.218467566911954
  ],
  "M 1.3 - 24km WSW of Cohoe, Alaska": [
    -151.6103897693355,
    60.28274606287793
  ],
  "M 1.9 - 5km E of La Parguera, Puerto Rico": [
    -66.96125692304324,
    17.97038662557589
  ],
  "M 1.0 - 0km ENE of The Geysers, CA": [
    -122.6861610274905,
    38.77913168395602
  ],
  "M 1.8 - 66km NNE of Talkeetna, Alaska": [
    -149.39851326918495,
    62.851445126143176
  ],
  "M 1.7 - 54km W of Anchor Point, Alaska": [
    -152.67220236795228,
    59.710752971624665
  ],
  "M 1.3 - 18km ESE of Kernville, CA": [
    -118.18822721027293,
    35.67936102327643
  ],
  "M 1.9 - 102km N of Redoubt Volcano, Alaska": [
    -152.92650623453986,
    61.39359029864188
  ],
  "M 1.7 - 111km NW of Talkeetna, Alaska": [
    -151.45891437925695,
    63.06299148660643
  ],
  "M 2.6 - 12km SSW of Pecos, Texas": [
    -103.47621039532842,
    31.312002525075627
  ],
  "M 1.2 - 26km ENE of Coso Junction, CA": [
    -117.60805175741352,
    36.11617640396422
  ],
  "M 2.5 - 76km N of Tierras Nuevas Poniente, Puerto Rico": [
    -66.48362871517787,
    19.15980518982023
  ],
  "M 1.4 - 10km SW of Big Lake, Alaska": [
    -149.96185797004154,
    61.44575970479326
  ],
  "M 1.6 - 109km W of Cantwell, Alaska": [
    -151.01755793171648,
    63.32009362718798
  ],
  "M 2.4 - 113km W of Cantwell, Alaska": [
    -151.10435174186327,
    63.38482546872771
  ],
  "M 1.6 - 15km E of Seven Trees, CA": [
    -121.60873099532614,
    37.31062704780793
  ],
  "M 2.9 - 75km W of Mentone, Texas": [
    -104.33474529092231,
    31.628511882199394
  ],
  "M 1.1 - 8km NE of Aguanga, CA": [
    -116.72884286577073,
    33.48744295057687
  ],
  "M 1.6 - 6km W of Cobb, CA": [
    -122.72408689324523,
    38.83217989056565
  ],
  "M 1.3 - 13km S of Big Lake, Alaska": [
    -149.80466029266447,
    61.400527758247165
  ],
  "M 1.6 - 2km N of The Geysers, CA": [
    -122.69031560707577,
    38.79430421634379
  ],
  "M 1.8 - 70km W of Talkeetna, Alaska": [
    -151.35038772522512,
    62.283577429551
  ],
  "M 2.2 - 2km ESE of Las Marias, Puerto Rico": [
    -66.9335570167355,
    18.248215597011026
  ],
  "M 4.7 - 68km S of Panguna, Papua New Guinea": [
    155.5742490561943,
    -6.925611638075979
  ],
  "M 1.1 - 4km SW of Anza, CA": [
    -116.64848642509537,
    33.52962062128681
  ],
  "M 1.5 - 16km S of Big Lake, Alaska": [
    -149.7886766559809,
    61.37074011836916
  ],
  "M 1.9 - 12km S of Tres Pinos, CA": [
    -121.23334132109254,
    36.68156182168401
  ],
  "M 4.2 - 107km WSW of Nikol'skoye, Russia": [
    164.53451970314066,
    54.751390708913654
  ],
  "M 2.4 - 91km SSE of Old Iliamna, Alaska": [
    -154.34000539879327,
    58.95767345564256
  ],
  "M 2.2 - 13km S of Tres Pinos, CA": [
    -121.23651466141865,
    36.67705728819302
  ],
  "M 2.2 - 18km SSE of Honoka'a, Hawaii": [
    -155.3445647189242,
    19.927804493348987
  ],
  "M 1.2 - 3km NW of Fontana, CA": [
    -117.41508438494793,
    34.11704848873761
  ],
  "M 1.4 - 26km SSW of Ester, Alaska": [
    -148.07417254270632,
    64.61566530273079
  ],
  "M 1.7 - 15km SSW of Big Lake, Alaska": [
    -149.98126600400468,
    61.400958334426626
  ],
  "M 1.8 - 11km W of Y, Alaska": [
    -149.94542140030887,
    62.16265103419476
  ],
  "M 1.1 - 13km E of Coso Junction, CA": [
    -117.74537783038365,
    36.034133938461665
  ],
  "M 4.7 - 48km WNW of Abepura, Indonesia": [
    140.18218884136346,
    -2.4864034806182485
  ],
  "M 3.9 - 70km S of Adak, Alaska": [
    -176.59015699030047,
    51.247860316050385
  ],
  "M 1.8 - 15km SE of Volcano, Hawaii": [
    -155.04579231033597,
    19.34527396802093
  ],
  "M 2.7 - 27km W of Los Banos, CA": [
    -121.08332858009163,
    37.04281431836567
  ],
  "M 1.8 - 42km SW of Talkeetna, Alaska": [
    -150.54493556915443,
    62.04047874747675
  ],
  "M 2.2 - 3km ESE of Las Marias, Puerto Rico": [
    -66.917612517996,
    18.243757963322263
  ],
  "M 1.1 - 17km NW of Parkfield, CA": [
    -120.50116170291881,
    36.005678823631044
  ],
  "M 2.1 - 74km NNW of Talkeetna, Alaska": [
    -150.46342366456068,
    62.95623101427296
  ],
  "M 5.2 - 60km NNW of Hirara, Japan": [
    125.02917338944387,
    25.296705309944468
  ],
  "M 2.3 - 13km WSW of Glennallen, Alaska": [
    -145.68904903991887,
    62.07340965714568
  ],
  "M 3.1 - 4km E of Anchorage, Alaska": [
    -149.69812862040823,
    61.21133123034396
  ],